,Longitude,Latitude,MRT_Station
0,103.909146276263,1.33492189034272,Kaki Bukit MRT Station
1,103.933487189855,1.33655490332863,Bedok Reservoir MRT Station
2,103.849271703873,1.29769911765443,Bencoolen MRT Station
3,103.850843384717,1.29919519603019,Bencoolen MRT Station
4,103.909405098626,1.33531120636956,Kaki Bukit MRT Station
5,103.938948503782,1.34499919751448,Tampines West MRT Station
6,103.855296125414,1.30488989412929,Jalan Besar MRT Station
7,103.863074005937,1.31385250562225,Bendemeer MRT Station
8,103.917810526029,1.33442257655151,Bedok North MRT Station
9,103.961043080709,1.34084047406433,Upper Changi MRT Station
10,103.871794271427,1.32110911579532,Geylang Bahru MRT Station
11,103.943678182032,1.35487057481792,Tampines MRT Station
12,103.942723496695,1.35459633872811,Tampines MRT Station
13,103.932886822506,1.33634776089978,Bedok Reservoir MRT Station
14,103.762325766572,1.3828754471752,Senja Lrt Station
15,103.834865533461,1.42963629191008,Yishun MRT Station
16,103.835643654933,1.42966559716462,Yishun MRT Station
17,103.872866695396,1.35079019941389,Serangoon MRT Station
18,103.873641321904,1.34983373825613,Serangoon MRT Station
19,103.872902116341,1.3508202454304,Serangoon MRT Station
20,103.887627437262,1.33591408492645,Tai Seng MRT Station
21,103.903215186978,1.31952991880127,Eunos MRT Station
22,103.819758966004,1.44915683716069,Sembawang MRT Station
23,103.892972400972,1.37194611655273,Hougang MRT Station
24,103.989276642414,1.3563414210048,Changi Airport MRT Station
25,103.838117129674,1.28232163095245,Outram Park MRT Station
26,103.838640195189,1.2810220177189,Outram Park MRT Station
27,103.842916305543,1.28019152238094,Maxwell MRT Station
28,103.844164413475,1.28103425526259,Maxwell MRT Station
29,103.844895459262,1.28091943659091,Maxwell MRT Station
30,103.851835707382,1.27746205833565,Shenton Way MRT Station
31,103.851807978051,1.2771436461189,Shenton Way MRT Station
32,103.851034086049,1.27765594176983,Shenton Way MRT Station
33,103.850915094628,1.27700305442423,Shenton Way MRT Station
34,103.850128771071,1.27762958112669,Shenton Way MRT Station
35,103.849893223277,1.27792920509497,Shenton Way MRT Station
36,103.854470032954,1.27735303297793,Marina Bay MRT Station
37,103.854319501956,1.27469326445441,Marina Bay MRT Station
38,103.856488836263,1.27363420910955,Marina Bay MRT Station
39,103.85537174149,1.27541636589719,Marina Bay MRT Station
40,103.830496723547,1.30421797905404,Orchard MRT Station
41,103.831126574248,1.30404570543486,Orchard MRT Station
42,103.831506861841,1.30366551621641,Orchard MRT Station
43,103.83178613556,1.30344571958931,Orchard MRT Station
44,103.832124829631,1.30229921132352,Orchard MRT Station
45,103.832023815157,1.30394471745993,Orchard MRT Station
46,103.832320915154,1.30364769526593,Orchard MRT Station
47,103.826322577145,1.32093774341441,Stevens MRT Station
48,103.825882869659,1.32151990425561,Stevens MRT Station
49,103.825728378177,1.31995163510642,Stevens MRT Station
50,103.826013593581,1.31882889618825,Stevens MRT Station
51,103.824991570643,1.31947046099515,Stevens MRT Station
52,103.833839753358,1.28667674481792,Havelock MRT Station
53,103.833495118232,1.28694406698765,Havelock MRT Station
54,103.833961901637,1.28956096428231,Havelock MRT Station
55,103.834003496172,1.29016689416429,Havelock MRT Station
56,103.851802333809,1.29345482595132,City Hall MRT Station
57,103.897029921817,1.40501492486707,Soo Teck Lrt Station
58,103.897408572121,1.40524489949914,Soo Teck Lrt Station
59,103.908792226992,1.40528461343374,Damai Lrt Station
60,103.85500333792,1.27615893131623,Marina Bay MRT Station
61,103.867154122142,1.27830343996812,Gardens By The Bay MRT Station
62,103.867968767276,1.27882622333397,Gardens By The Bay MRT Station
63,103.868586734111,1.28037075595564,Gardens By The Bay MRT Station
64,103.861503878728,1.27357480448593,Marina South MRT Station
65,103.861777210111,1.27385994951971,Marina South MRT Station
66,103.862894304629,1.27313520508679,Marina South MRT Station
67,103.862668508874,1.27551141461164,Marina South MRT Station
68,103.823637898436,1.30362395339039,Orchard Boulevard MRT Station
69,103.82389561212,1.30246332428451,Orchard Boulevard MRT Station
70,103.833405504371,1.29655259456474,Great World MRT Station
71,103.833904631248,1.29332097607264,Great World MRT Station
72,103.832627103189,1.2928694999213,Great World MRT Station
73,103.832841014649,1.29318434464758,Great World MRT Station
74,103.832734059176,1.29381997655443,Great World MRT Station
75,103.833037100577,1.29602983278925,Great World MRT Station
76,103.833369520278,1.28884356335354,Havelock MRT Station
77,103.819483777776,1.30693598792234,Napier MRT Station
78,103.819506621185,1.3063449793684,Napier MRT Station
79,103.830663098953,1.30285761474898,Orchard MRT Station
80,103.912646133061,1.40250713144757,Oasis Lrt Station
81,103.916387458482,1.39980926315018,Kadaloor Lrt Station
82,103.908965833187,1.39668105013866,Meridian Lrt Station
83,103.908869496154,1.39712168979943,Meridian Lrt Station
84,103.905928735776,1.399124393509,Cove Lrt Station
85,103.74510113108,1.38031765699103,South View Lrt Station
86,103.79576910839,1.31106948365962,Holland Village MRT Station
87,103.787927806168,1.30035949347946,One-North MRT Station
88,103.83978923248,1.28099327615611,Outram Park MRT Station
89,103.778304715288,1.31141543344877,Dover MRT Station
90,103.778464771304,1.31169319167964,Dover MRT Station
91,103.705650038035,1.33862950779597,Boon Lay MRT Station
92,103.7053533532,1.3385141209312,Boon Lay MRT Station
93,103.705795031365,1.33827322197702,Boon Lay MRT Station
94,103.749936955579,1.34938958776808,Bukit Batok MRT Station
95,103.678520709011,1.32750208445865,Joo Koon MRT Station
96,103.678644077077,1.32795611143786,Joo Koon MRT Station
97,103.744223583926,1.38570539067001,Choa Chu Kang MRT Station
98,103.762496770529,1.42512495935501,Kranji MRT Station
99,103.774410520697,1.43275137172006,Marsiling MRT Station
100,103.773997133375,1.43275136098458,Marsiling MRT Station
101,103.8215802917,1.26497195959122,Harbourfront MRT Station
102,103.821398857154,1.26597925499591,Harbourfront MRT Station
103,103.820468350461,1.26601318319783,Harbourfront MRT Station
104,103.8437978881,1.28371277043019,Chinatown MRT Station
105,103.845903432736,1.28780575265584,Clarke Quay MRT Station
106,103.846593909165,1.28919925781809,Clarke Quay MRT Station
107,103.84936002946,1.30560525103922,Little India MRT Station
108,103.904792279936,1.40982767244172,Sam Kee Lrt Station
109,103.908613856028,1.40504602830874,Damai Lrt Station
110,103.912754573795,1.4021037193748,Oasis Lrt Station
111,103.916517130328,1.39941146718039,Kadaloor Lrt Station
112,103.915935470521,1.39455906596969,Riviera Lrt Station
113,103.916263098527,1.3943256111184,Riviera Lrt Station
114,103.912708744367,1.39397080711083,Coral Edge Lrt Station
115,103.91265223397,1.39368465222162,Coral Edge Lrt Station
116,103.9061760136,1.39930265660882,Cove Lrt Station
117,103.822509807219,1.26508503461184,Harbourfront MRT Station
118,103.889793336526,1.3266787588073,Macpherson MRT Station
119,103.890665675221,1.32585503018196,Macpherson MRT Station
120,103.890262565574,1.32548152990651,Macpherson MRT Station
121,103.886084357383,1.38937900794855,Tongkang Lrt Station
122,103.885962114119,1.38918016099808,Tongkang Lrt Station
123,103.890409161732,1.38669795588852,Renjong Lrt Station
124,103.890438192124,1.38681414421555,Renjong Lrt Station
125,103.897321723817,1.3841763860699,Ranggung Lrt Station
126,103.897223938055,1.38410488340512,Ranggung Lrt Station
127,103.902147558141,1.38407450287348,Kangkar Lrt Station
128,103.902276368029,1.38376520316725,Kangkar Lrt Station
129,103.905445630714,1.38818538545215,Bakau Lrt Station
130,103.905482124043,1.387840799257,Bakau Lrt Station
131,103.906018791652,1.39134048641742,Rumbia Lrt Station
132,103.906105819366,1.39141424178713,Rumbia Lrt Station
133,103.786907466321,1.29902749872281,One-North MRT Station
134,103.784809631882,1.29242811590855,Kent Ridge MRT Station
135,103.784465895365,1.29431588700949,Kent Ridge MRT Station
136,103.782006397072,1.28305527354176,Haw Par Villa MRT Station
137,103.79203018692,1.27600323278505,Pasir Panjang MRT Station
138,103.802355553663,1.27210695805434,Labrador Park MRT Station
139,103.80988373092,1.2707212262114,Telok Blangah MRT Station
140,103.807799119073,1.32533306908018,Tan Kah Kee MRT Station
141,103.764234480711,1.36983331859629,Cashew MRT Station
142,103.796566082121,1.33078046994618,Sixth Avenue MRT Station
143,103.783030260215,1.33553707766976,King Albert Park MRT Station
144,103.767108459936,1.36208433991773,Hillview MRT Station
145,103.761922934209,1.37900796974076,Bukit Panjang MRT Station
146,103.852375021633,1.30340410653552,Rochor MRT Station
147,103.852427746441,1.27979623969206,Downtown MRT Station
148,103.848506543896,1.28188738923558,Telok Ayer MRT Station
149,103.697155373411,1.33734462692044,Pioneer MRT Station
150,103.697129452876,1.33783162800548,Pioneer MRT Station
151,103.845656003885,1.27644796791678,Tanjong Pagar MRT Station
152,103.790930065154,1.30629814162477,Buona Vista MRT Station
153,103.9006164696,1.39432752151004,Compassvale Lrt Station
154,103.900706597553,1.39453417229989,Compassvale Lrt Station
155,103.906693304924,1.41666406794097,Punggol Point Lrt Station
156,103.906817792333,1.41691476791429,Punggol Point Lrt Station
157,103.900073808053,1.4117727733571,Nibong Lrt Station
158,103.900531554207,1.4119103237023,Nibong Lrt Station
159,103.898335680078,1.40836843102047,Sumang Lrt Station
160,103.898757123956,1.40848790183837,Sumang Lrt Station
161,103.852478046399,1.27952791063231,Downtown MRT Station
162,103.85290812847,1.27960131828225,Downtown MRT Station
163,103.853152091961,1.27944436839161,Downtown MRT Station
164,103.853013759131,1.27917604078089,Downtown MRT Station
165,103.848841656061,1.28225066426407,Telok Ayer MRT Station
166,103.855806657255,1.3117658772962,Farrer Park MRT Station
167,103.856098852115,1.31188350806091,Farrer Park MRT Station
168,103.860706833288,1.31791481647231,Boon Keng MRT Station
169,103.868966444703,1.33280135224287,Potong Pasir MRT Station
170,103.864151747702,1.29966075968377,Nicoll Highway MRT Station
171,103.814976905734,1.32253463294936,Botanic Gardens MRT Station
172,103.807965230708,1.31749372589551,Farrer Road MRT Station
173,103.807389234558,1.31755201617223,Farrer Road MRT Station
174,103.795753770113,1.31071120133272,Holland Village MRT Station
175,103.796139102483,1.31122026577719,Holland Village MRT Station
176,103.859596872187,1.28283490868894,Bayfront MRT Station
177,103.859759180227,1.28270522470828,Bayfront MRT Station
178,103.775450679441,1.34158221454984,Beauty World MRT Station
179,103.850201081965,1.35105321993329,Bishan MRT Station
180,103.848304991722,1.35057959871202,Bishan MRT Station
181,103.861502357069,1.32010687599131,Boon Keng MRT Station
182,103.89570545661,1.39237084363153,Sengkang MRT Station
183,103.895636894365,1.39179563766207,Sengkang MRT Station
184,103.895405720754,1.39182911971822,Sengkang MRT Station
185,103.895209399885,1.39088158609449,Sengkang MRT Station
186,103.902305996656,1.40533957622685,Punggol MRT Station
187,103.901798524363,1.40443833617806,Punggol Lrt Station
188,103.902598196988,1.40518624176365,Punggol MRT Station
189,103.902115639183,1.40430062572978,Punggol Lrt Station
190,103.893463152237,1.38264972282021,Buangkok MRT Station
191,103.835090842713,1.42911681431371,Yishun MRT Station
192,103.888214067772,1.33462087723075,Tai Seng MRT Station
193,103.878908693925,1.34350106152933,Bartley MRT Station
194,103.880255893265,1.34224874921609,Bartley MRT Station
195,103.873546495734,1.34972769951436,Serangoon MRT Station
196,103.873957395391,1.349481680255,Serangoon MRT Station
197,103.874321946576,1.3499015921065,Serangoon MRT Station
198,103.873694014498,1.35059510442143,Serangoon MRT Station
199,103.871449340349,1.35094827793695,Serangoon MRT Station
200,103.862918299956,1.35173853791277,Lorong Chuan MRT Station
201,103.864933673465,1.35143910357514,Lorong Chuan MRT Station
202,103.840058918077,1.34786607217308,Marymount MRT Station
203,103.839087956801,1.34898038642137,Marymount MRT Station
204,103.844747857191,1.29964924216132,Dhoby Ghaut MRT Station
205,103.839406731225,1.33710531669564,Caldecott MRT Station
206,103.961942958226,1.33532172433891,Expo MRT Station
207,103.962075287596,1.33525294423695,Expo MRT Station
208,103.800533463258,1.44015239674676,Admiralty MRT Station
209,103.801364534451,1.4405333880723,Admiralty MRT Station
210,103.849343273705,1.3694405305965,Ang Mo Kio MRT Station
211,103.85873192474,1.28096742397164,Bayfront MRT Station
212,103.858441003652,1.28110463709187,Bayfront MRT Station
213,103.859493846611,1.28283435447098,Bayfront MRT Station
214,103.945089563334,1.35353908166709,Tampines MRT Station
215,103.891975029135,1.37214183483289,Hougang MRT Station
216,103.892445723159,1.37020857826092,Hougang MRT Station
217,103.884721732122,1.36020562306327,Kovan MRT Station
218,103.885450578,1.36002801014446,Kovan MRT Station
219,103.884307428636,1.35970758870125,Kovan MRT Station
220,103.902894137842,1.31951727489935,Eunos MRT Station
221,103.902582077618,1.3195625452698,Eunos MRT Station
222,103.912899288746,1.32115210805545,Kembangan MRT Station
223,103.912941079407,1.32092376028202,Kembangan MRT Station
224,103.929157143095,1.32356863615635,Bedok MRT Station
225,103.929673089995,1.32426834276114,Bedok MRT Station
226,103.849596100655,1.36968532219972,Ang Mo Kio MRT Station
227,103.849939000741,1.3694647065051,Ang Mo Kio MRT Station
228,103.84831225598,1.35106443927374,Bishan MRT Station
229,103.848432923875,1.35103483777104,Bishan MRT Station
230,103.848209281294,1.35058491153989,Bishan MRT Station
231,103.847440830591,1.34067216394317,Braddell MRT Station
232,103.846406497231,1.34074431901447,Braddell MRT Station
233,103.846429540721,1.34106899206951,Braddell MRT Station
234,103.847577567476,1.33231553664677,Toa Payoh MRT Station
235,103.847319773632,1.33299410183748,Toa Payoh MRT Station
236,103.843339733476,1.31989588603478,Novena MRT Station
237,103.844389333871,1.32109486830236,Novena MRT Station
238,103.846517406156,1.33327874598633,Toa Payoh MRT Station
239,103.871053804158,1.3398672199419,Woodleigh MRT Station
240,103.870940604568,1.33851065441145,Woodleigh MRT Station
241,103.870508468145,1.33858314946013,Woodleigh MRT Station
242,103.861903675519,1.31923519599748,Boon Keng MRT Station
243,103.868703893188,1.33106671097983,Potong Pasir MRT Station
244,103.869333239363,1.33114814073399,Potong Pasir MRT Station
245,103.838399326576,1.3000284884874,Somerset MRT Station
246,103.787565456204,1.29971469760634,One-North MRT Station
247,103.850474275507,1.29604621307724,Bras Basah MRT Station
248,103.851327253386,1.29685892177104,Bras Basah MRT Station
249,103.850249852705,1.29701443296395,Bras Basah MRT Station
250,103.85015752098,1.29755148518356,Bras Basah MRT Station
251,103.850423192511,1.29753545171709,Bras Basah MRT Station
252,103.856305554739,1.29337054827687,Esplanade MRT Station
253,103.749766564931,1.34952006073274,Bukit Batok MRT Station
254,103.843476210528,1.28540645998668,Chinatown MRT Station
255,103.749118394189,1.34840537590496,Bukit Batok MRT Station
256,103.749973990258,1.34956107535244,Bukit Batok MRT Station
257,103.751726614847,1.35906497975184,Bukit Gombak MRT Station
258,103.752076389375,1.35906984624156,Bukit Gombak MRT Station
259,103.751950990526,1.35929785281919,Bukit Gombak MRT Station
260,103.706145547967,1.33842069565789,Boon Lay MRT Station
261,103.705955152611,1.33873810873339,Boon Lay MRT Station
262,103.705408994969,1.33827998808197,Boon Lay MRT Station
263,103.721712827003,1.34430416996866,Lakeside MRT Station
264,103.721075412743,1.34408145751948,Lakeside MRT Station
265,103.761754685561,1.42512594915704,Kranji MRT Station
266,103.763063555247,1.37802038374966,Bukit Panjang Lrt Station
267,103.763178520546,1.3778632485676,Bukit Panjang Lrt Station
268,103.901911509627,1.41586536048285,Samudera Lrt Station
269,103.902361560111,1.41590585709171,Samudera Lrt Station
270,103.906781529506,1.4128757347357,Teck Lee Lrt Station
271,103.906510789934,1.41292900309077,Teck Lee Lrt Station
272,103.905038571005,1.40970250004176,Sam Kee Lrt Station
273,103.766793014963,1.37760322809516,Petir Lrt Station
274,103.771327842297,1.37629711719364,Pending Lrt Station
275,103.772590574209,1.37985334676455,Bangkit Lrt Station
276,103.770675518445,1.38446507117965,Fajar Lrt Station
277,103.769409914802,1.38781155599523,Segar Lrt Station
278,103.764676792845,1.38683269953093,Jelapang Lrt Station
279,103.942653681878,1.35419392760642,Tampines MRT Station
280,103.871555607569,1.32156169874025,Geylang Bahru MRT Station
281,103.954540440781,1.35646076166742,Tampines East MRT Station
282,103.744557135368,1.38543128087598,Choa Chu Kang MRT Station
283,103.832770796508,1.30416113765593,Orchard MRT Station
284,103.832171601239,1.30316753447888,Orchard MRT Station
285,103.838458985164,1.30076651877174,Somerset MRT Station
286,103.846787971786,1.29844509204817,Dhoby Ghaut MRT Station
287,103.845229558929,1.29905589070891,Dhoby Ghaut MRT Station
288,103.84537229423,1.29974847066982,Dhoby Ghaut MRT Station
289,103.845842318018,1.29963489191106,Dhoby Ghaut MRT Station
290,103.855685703914,1.30000694069987,Bugis MRT Station
291,103.853020413551,1.29322711034183,City Hall MRT Station
292,103.851960217746,1.29309991857995,City Hall MRT Station
293,103.856336627673,1.3007821987657,Bugis MRT Station
294,103.855924081461,1.30120408956464,Bugis MRT Station
295,103.838657701712,1.2816024282435,Outram Park MRT Station
296,103.838934837217,1.28167534568857,Outram Park MRT Station
297,103.846544590474,1.2766717422527,Tanjong Pagar MRT Station
298,103.84483401421,1.27640850073994,Tanjong Pagar MRT Station
299,103.846533557964,1.27608922999502,Tanjong Pagar MRT Station
300,103.846908800204,1.27606482826343,Tanjong Pagar MRT Station
301,103.851621715866,1.28525828120125,Raffles Place MRT Station
302,103.851522595155,1.28321158212436,Raffles Place MRT Station
303,103.851479978299,1.28460687453702,Raffles Place MRT Station
304,103.851478131997,1.28501689730178,Raffles Place MRT Station
305,103.851438353658,1.28412514770369,Raffles Place MRT Station
306,103.851353214562,1.28364139087742,Raffles Place MRT Station
307,103.845030131864,1.29993066561743,Dhoby Ghaut MRT Station
308,103.840386787096,1.28021335386912,Outram Park MRT Station
309,103.839549241441,1.2789469557329,Outram Park MRT Station
310,103.838537251968,1.27905123851202,Outram Park MRT Station
311,103.846665833855,1.28938385187247,Clarke Quay MRT Station
312,103.847129742733,1.28940556680266,Clarke Quay MRT Station
313,103.846064543773,1.28689878783571,Clarke Quay MRT Station
314,103.847032643299,1.28900018307139,Clarke Quay MRT Station
315,103.842812853584,1.2846748973681,Chinatown MRT Station
316,103.744595143026,1.38497966418718,Choa Chu Kang Lrt Station
317,103.844428119405,1.28504408060892,Chinatown MRT Station
318,103.806182777133,1.29424726215095,Queenstown MRT Station
319,103.816994458553,1.28937070467351,Redhill MRT Station
320,103.81724937308,1.28948587536099,Redhill MRT Station
321,103.798057882031,1.30275277699775,Commonwealth MRT Station
322,103.797958292266,1.30264816140773,Commonwealth MRT Station
323,103.826990595146,1.28575945589882,Tiong Bahru MRT Station
324,103.827496413393,1.28636194139043,Tiong Bahru MRT Station
325,103.822531651626,1.26525988373469,Harbourfront MRT Station
326,103.820508811132,1.2651546823432,Harbourfront MRT Station
327,103.832039800882,1.30456047411925,Orchard MRT Station
328,103.832524259379,1.30489217813715,Orchard MRT Station
329,103.837881325391,1.31259779668808,Newton MRT Station
330,103.838219069361,1.31207546212127,Newton MRT Station
331,103.832619611515,1.30435439856042,Orchard MRT Station
332,103.863043062903,1.30716946047274,Lavender MRT Station
333,103.862650316623,1.30761853913167,Lavender MRT Station
334,103.871587075861,1.3117817705438,Kallang MRT Station
335,103.871730564168,1.31154048297553,Kallang MRT Station
336,103.882472887782,1.31648793030408,Aljunied MRT Station
337,103.882496650457,1.31623848534471,Aljunied MRT Station
338,103.848985089711,1.30656355535778,Little India MRT Station
339,103.854763767756,1.3135439659757,Farrer Park MRT Station
340,103.85265097068,1.31188353723816,Farrer Park MRT Station
341,103.853199391142,1.31142204648133,Farrer Park MRT Station
342,103.860673611302,1.29171166099886,Promenade MRT Station
343,103.847723804314,1.33237644203021,Toa Payoh MRT Station
344,103.720448529393,1.3439833412622,Lakeside MRT Station
345,103.733393135763,1.34156582633258,Chinese Garden MRT Station
346,103.732741825545,1.34198208956493,Chinese Garden MRT Station
347,103.732220154829,1.34243874323998,Chinese Garden MRT Station
348,103.742762081653,1.33274868462584,Jurong East MRT Station
349,103.741759898309,1.33398960393819,Jurong East MRT Station
350,103.742640162983,1.33252623564817,Jurong East MRT Station
351,103.747329880035,1.39806776806003,Yew Tee MRT Station
352,103.747195166471,1.39765547935269,Yew Tee MRT Station
353,103.74743189325,1.39700077173066,Yew Tee MRT Station
354,103.747111431,1.39727251197228,Yew Tee MRT Station
355,103.752092995698,1.35869526126909,Bukit Gombak MRT Station
356,103.749226841606,1.37846496701683,Keat Hong Lrt Station
357,103.753826102342,1.37656419493699,Teck Whye Lrt Station
358,103.758252475106,1.37861406821397,Phoenix Lrt Station
359,103.759597843573,1.38074511730578,Bukit Panjang MRT Station
360,103.892883836731,1.3834097909899,Buangkok MRT Station
361,103.84877332816,1.28249727503873,Telok Ayer MRT Station
362,103.787784810554,1.30007470288421,One-North MRT Station
363,103.784490451682,1.29398478516701,Kent Ridge MRT Station
364,103.784534656639,1.29321880284117,Kent Ridge MRT Station
365,103.848999982241,1.30685473719087,Little India MRT Station
366,103.762034360871,1.37876623763886,Bukit Panjang MRT Station
367,103.744560000291,1.38539999996952,Choa Chu Kang MRT Station
368,103.744470000052,1.38459999970902,Choa Chu Kang MRT Station
369,103.74447000019,1.38572999956458,Choa Chu Kang MRT Station
370,103.744110000392,1.38536999970775,Choa Chu Kang MRT Station
371,103.744620000447,1.38499999972745,Choa Chu Kang Lrt Station
372,103.660444143859,1.31903226656851,Gul Circle MRT Station
373,103.659434945517,1.31883718313345,Gul Circle MRT Station
374,103.648958741267,1.32076381711222,Tuas Crescent MRT Station
375,103.649286789109,1.32124359639868,Tuas Crescent MRT Station
376,103.639284344709,1.32987242413926,Tuas West Road MRT Station
377,103.639790711295,1.33018233023207,Tuas West Road MRT Station
378,103.637245720022,1.34042689920514,Tuas Link MRT Station
379,103.636840667474,1.34094007226858,Tuas Link MRT Station
380,103.962161021864,1.33595097171569,Expo MRT Station
381,103.963100681762,1.33483488834327,Expo MRT Station
382,103.888615211677,1.32619277755048,Macpherson MRT Station
383,103.962123376874,1.33486331350548,Expo MRT Station
384,103.888454834376,1.32514545867968,Macpherson MRT Station
385,103.963049007432,1.33501932038682,Expo MRT Station
386,103.961836795084,1.33548282216596,Expo MRT Station
387,103.96286574628,1.33471194824107,Expo MRT Station
388,103.818390607138,1.39782080405751,Springleaf MRT Station
389,103.818081623801,1.39768417887856,Springleaf MRT Station
390,103.785429080675,1.44793650249651,Woodlands North MRT Station
391,103.785102271425,1.44904729970725,Woodlands North MRT Station
392,103.788964328113,1.43584393593589,Woodlands MRT Station
393,103.787976768822,1.43449552583778,Woodlands MRT Station
394,103.793027463346,1.4273020172478,Woodlands South MRT Station
395,103.793413692732,1.42760496413455,Woodlands South MRT Station
396,103.794560497858,1.42742676003562,Woodlands South MRT Station
397,103.794423831787,1.42668424080276,Woodlands South MRT Station
398,103.818003414954,1.39878724836535,Springleaf MRT Station
399,103.835823452024,1.38589099008684,Lentor MRT Station
400,103.835359976701,1.38540982990749,Lentor MRT Station
401,103.837398080029,1.38460195423691,Lentor MRT Station
402,103.837338660064,1.3836277515433,Lentor MRT Station
403,103.836839532696,1.38416237536177,Lentor MRT Station
404,103.837461041245,1.37353209209743,Mayflower MRT Station
405,103.837031676998,1.37371976104919,Mayflower MRT Station
406,103.83671675131,1.37270397234703,Mayflower MRT Station
407,103.83628496724,1.37137730761848,Mayflower MRT Station
408,103.836795978097,1.37127632290154,Mayflower MRT Station
409,103.836760326587,1.37077733815485,Mayflower MRT Station
410,103.836308734746,1.37089614419322,Mayflower MRT Station
411,103.833635413994,1.36403718216562,Bright Hill MRT Station
412,103.833510631569,1.36328276235517,Bright Hill MRT Station
413,103.831953829452,1.3631639565255,Bright Hill MRT Station
414,103.832375711055,1.36218380484981,Bright Hill MRT Station
415,103.831833009004,1.35573657470655,Upper Thomson MRT Station
416,103.831916196892,1.35483364468235,Upper Thomson MRT Station
417,103.83263517825,1.35441782186373,Upper Thomson MRT Station
418,103.833924590606,1.35414456637885,Upper Thomson MRT Station
419,103.833793867314,1.35350301029652,Upper Thomson MRT Station
420,103.840387499238,1.33825972994181,Caldecott MRT Station
421,103.840464745299,1.33783202317926,Caldecott MRT Station
422,103.839882429752,1.33675087511065,Caldecott MRT Station
423,103.829254643947,1.44351133884481,Canberra MRT Station
424,103.829527975861,1.44363014106056,Canberra MRT Station
425,103.829700293337,1.44280446541205,Canberra MRT Station
426,103.829961741209,1.44293514818295,Canberra MRT Station
427,103.830116233173,1.44325591355701,Canberra MRT Station
428,103.786508083762,1.43667311468753,Woodlands MRT Station
429,103.787108225411,1.43724336703986,Woodlands MRT Station
430,103.788005465669,1.43754037357975,Woodlands MRT Station
431,103.785735624465,1.43669687524624,Woodlands MRT Station
432,103.789089109752,1.43481517513889,Woodlands MRT Station
433,103.79436521102,1.42584338690928,Woodlands South MRT Station
434,103.876261653892,1.3921582676261,Fernvale Lrt Station
435,103.762722523556,1.37792792775255,Bukit Panjang Lrt Station
436,103.763251851956,1.37802410264834,Bukit Panjang Lrt Station
437,103.945723041582,1.32706127581436,Tanah Merah MRT Station
438,103.945794727929,1.32685774838818,Tanah Merah MRT Station
439,103.764982102595,1.31537355787444,Clementi MRT Station
440,103.765185566729,1.31546912943168,Clementi MRT Station
441,103.790449175303,1.30730945077024,Buona Vista MRT Station
442,103.790656619433,1.30719725705854,Buona Vista MRT Station
443,103.79059939037,1.30691288861046,Buona Vista MRT Station
444,103.806311472758,1.29432990890605,Queenstown MRT Station
445,103.893684874277,1.39637321823541,Cheng Lim Lrt Station
446,103.893920331573,1.3961869711233,Cheng Lim Lrt Station
447,103.875566364382,1.39719803592397,Thanggam Lrt Station
448,103.875686836958,1.39719245833865,Thanggam Lrt Station
449,103.881139169799,1.39828419776009,Kupang Lrt Station
450,103.881137936207,1.39815879147241,Kupang Lrt Station
451,103.889407447882,1.39720034457508,Farmway Lrt Station
452,103.889115016848,1.39713347750584,Farmway Lrt Station
453,103.880159730519,1.39202617213173,Layar Lrt Station
454,103.880142799143,1.39214453741467,Layar Lrt Station
455,103.761940606096,1.42485264466106,Kranji MRT Station
456,103.762018515591,1.42473917121754,Kranji MRT Station
457,103.773820451036,1.43246952240006,Marsiling MRT Station
458,103.774210493312,1.43280169435331,Marsiling MRT Station
459,103.892788324105,1.31821599215008,Paya Lebar MRT Station
460,103.892217168632,1.31834746689885,Paya Lebar MRT Station
461,103.844645760434,1.38195362130605,Yio Chu Kang MRT Station
462,103.844834195491,1.3816444074307,Yio Chu Kang MRT Station
463,103.844946847542,1.38154752053604,Yio Chu Kang MRT Station
464,103.80054245816,1.44059628565794,Admiralty MRT Station
465,103.800989521918,1.44034566128304,Admiralty MRT Station
466,103.820109735758,1.44883731943313,Sembawang MRT Station
467,103.819790204572,1.44876826032584,Sembawang MRT Station
468,103.834783603184,1.42939716731595,Yishun MRT Station
469,103.834863485217,1.42910650744289,Yishun MRT Station
470,103.832886913694,1.41754470685258,Khatib MRT Station
471,103.83292241701,1.41705821242698,Khatib MRT Station
472,103.832706667743,1.41714341792972,Khatib MRT Station
473,103.820401560292,1.44892733153759,Sembawang MRT Station
474,103.949136940349,1.37288623635201,Pasir Ris MRT Station
475,103.949333426645,1.37284196908053,Pasir Ris MRT Station
476,103.944766312107,1.35376401254022,Tampines MRT Station
477,103.944903957895,1.35339831264921,Tampines MRT Station
478,103.744517798771,1.38573618540312,Choa Chu Kang MRT Station
479,103.849704822933,1.30635155408624,Little India MRT Station
480,103.850322159955,1.30742644439895,Little India MRT Station
481,103.852974635237,1.31245360639306,Farrer Park MRT Station
482,103.853266824822,1.31191067869135,Farrer Park MRT Station
483,103.854772747378,1.31232690903703,Farrer Park MRT Station
484,103.855500982372,1.31225903641299,Farrer Park MRT Station
485,103.987304579798,1.35722025606017,Changi Airport MRT Station
486,103.85492020244,1.29358640073634,Esplanade MRT Station
487,103.855855203772,1.29290433691952,Esplanade MRT Station
488,103.856175670935,1.29292718733646,Esplanade MRT Station
489,103.851562535487,1.28363052072741,Raffles Place MRT Station
490,103.851296033431,1.28262623356678,Raffles Place MRT Station
491,103.850960902093,1.28253857491919,Raffles Place MRT Station
492,103.851433302399,1.28238230729746,Raffles Place MRT Station
493,103.847095791197,1.27625910113258,Tanjong Pagar MRT Station
494,103.849560477591,1.29819940045567,Bencoolen MRT Station
495,103.955704711379,1.35555317150178,Tampines East MRT Station
496,103.882732067245,1.3272514140918,Mattar MRT Station
497,103.942658810694,1.35585344476425,Tampines MRT Station
498,103.961328480539,1.34186119734213,Upper Changi MRT Station
499,103.955170014221,1.35558822639472,Tampines East MRT Station
500,103.855244564615,1.30546727989327,Jalan Besar MRT Station
501,103.918049823987,1.33512626621364,Bedok North MRT Station
502,103.96096063019,1.3420065422681,Upper Changi MRT Station
503,103.919062823449,1.33416607444721,Bedok North MRT Station
504,103.863219231431,1.3134807250256,Bendemeer MRT Station
505,103.938196740006,1.34563058761391,Tampines West MRT Station
506,103.898585570916,1.32983077067473,Ubi MRT Station
507,103.844425031565,1.29283027594572,Fort Canning MRT Station
508,103.919134302662,1.33437249020327,Bedok North MRT Station
509,103.883748387313,1.32646352216707,Mattar MRT Station
510,103.844170034197,1.29240609557825,Fort Canning MRT Station
511,103.899876690857,1.32995082828977,Ubi MRT Station
512,103.96161727308,1.34199266734225,Upper Changi MRT Station
513,103.961476268426,1.34103767912256,Upper Changi MRT Station
514,103.955717437922,1.35697019355667,Tampines East MRT Station
515,103.846927580235,1.27737948810714,Tanjong Pagar MRT Station
516,103.846953147544,1.27778454036503,Tanjong Pagar MRT Station
517,103.846445088412,1.27545090434532,Tanjong Pagar MRT Station
518,103.855567841069,1.29312881366023,Esplanade MRT Station
519,103.855104632111,1.29381950731267,Esplanade MRT Station
520,103.85583375579,1.29262374346665,Esplanade MRT Station
521,103.860136884402,1.29386208787626,Promenade MRT Station
522,103.863505955243,1.30016968970884,Nicoll Highway MRT Station
523,103.876226233975,1.30337022602025,Stadium MRT Station
524,103.874399988289,1.3025110877234,Stadium MRT Station
525,103.883248292704,1.30604592566075,Mountbatten MRT Station
526,103.882597535734,1.30675271022847,Mountbatten MRT Station
527,103.889307215344,1.30881418752426,Dakota MRT Station
528,103.887979337682,1.30809675040545,Dakota MRT Station
529,103.891721121592,1.31814928543131,Paya Lebar MRT Station
530,103.892077699246,1.31658771946928,Paya Lebar MRT Station
531,103.860236484112,1.29410275636151,Promenade MRT Station
532,103.833231020039,1.41786903711686,Khatib MRT Station
533,103.953818676297,1.34266179453371,Simei MRT Station
534,103.929404279689,1.32407464586546,Bedok MRT Station
535,103.856890654867,1.29907884888673,Bugis MRT Station
536,103.852980287708,1.29304184790826,City Hall MRT Station
537,103.805584729896,1.2954462560701,Queenstown MRT Station
538,103.805492204888,1.29538293052613,Queenstown MRT Station
539,103.798778572605,1.30207704580319,Commonwealth MRT Station
540,103.798720258772,1.30201271935133,Commonwealth MRT Station
541,103.765570116184,1.314078414345,Clementi MRT Station
542,103.765749815719,1.31416229810691,Clementi MRT Station
543,103.742298193307,1.33358133108919,Jurong East MRT Station
544,103.84982457248,1.36988237526817,Ang Mo Kio MRT Station
545,103.838765584281,1.30043622058993,Somerset MRT Station
546,103.839734148085,1.30024113867986,Somerset MRT Station
547,103.86233005097,1.27052998951863,Marina South Pier MRT Station
548,103.863579669764,1.27143783716222,Marina South Pier MRT Station
549,103.84445854173,1.28473608363703,Chinatown MRT Station
550,103.845462531796,1.28427477607278,Chinatown MRT Station
551,103.761370504957,1.37861889401251,Bukit Panjang MRT Station
552,103.767688290103,1.36247423794507,Hillview MRT Station
553,103.775984296226,1.3416961499328,Beauty World MRT Station
554,103.775761545626,1.33998187378458,Beauty World MRT Station
555,103.784561584781,1.33597604551556,King Albert Park MRT Station
556,103.796848178229,1.33152130143572,Sixth Avenue MRT Station
557,103.807800873707,1.32614615882549,Tan Kah Kee MRT Station
558,103.815914145792,1.32268461233639,Botanic Gardens MRT Station
559,103.838242381635,1.31361726914981,Newton MRT Station
560,103.848304399136,1.30768353655885,Little India MRT Station
561,103.853104335649,1.30421477703374,Rochor MRT Station
562,103.852646560011,1.27977345528297,Downtown MRT Station
